core,task1,task2,task3,task4,task5
core1,2689,,1049,2588,595
core2,994,636,824,1024,731
core3,840,880,884,1011,948
core1,,848,941,908,965
core2,986,2026,818,863,777
core3,841,775,955,856,1003
core1,760,1054,2363,969,
core2,967,888,1000,914,1053
core3,1001,859,972,840,927
core1,916,889,949,1006,
core2,771,839,866,3249,936
core3,817,643,898,682,776
core1,801,722,N/A,750,788
core2,761,735,error,799,716
core3,980,1029,2739,null,890
core1,980,884.48,1138,,728
core2,853,960,1020,746,791
core3,2690,659,981,904,2674
core1,913.92,1084,668,2628,746
core2,707,973,933,918.12,1118
core3,853,867,855,,932
core1,788,962,962,833,805
core2,849,840,2988,922,955
core3,1063,979,811,792,820
core1,852,1003,1099,796,2018
core2,892,803,978,980,886
core3,960,,964,979,2510
core1,2847,769,2866,920,754
core2,955,813,2502,1051,981
core3,1006,833,873,,900
core1,965,861,934,926,
core2,849,925,3098,835,
core3,,866,3411,1047,1034
core1,975,834,821,744,908
core2,910.64,813,963,685,-294
core3,872,1015,1040,845,912.55
core1,,1016,955,2644,904
core2,914,,800,908,784
core3,955,1106,974,935,
core1,947,747,1026,931,734
core2,873,866,,973,1041
core3,808,848,798,833,677
core1,3041,770,816,939,948
core2,868,2703,829,901,954
core3,,1031,957,3473,950
core1,3460,751,946,782,1064.38
core2,767,859,3209,1010,
core3,757,1009,985,922,712.51
core1,992,867,-253,,1061
core2,755,1031,-66,875,-125
core3,1089,,842,880,
core1,872,912,955,903,984
core2,914,780,806,867,736.35
core3,901,984,1024,880,883
core1,879,1023,923,693,1004
core2,670,960,957,-242,924.95
core3,913,2994,3406,869,948
core1,,807,973,934,753
core2,964,848,1019,3287,957
core3,860,,985,898,880
core1,982,821,916,1120,989
core2,938,944,885,905,932
core3,958,824,820,828,948
core1,937,999,926.71,1068,1051
core2,1066,1005,951,942,820
core3,792,962,1018,962,760
core1,830,815,921,860,857
core2,893,1041,1001,832,791
core3,1003,902,842,798,989
core1,800,932,830,,963
core2,,null,3450,795.17,870
core3,987,849,,1067,827
core1,955,779,904,-112,852
core2,726,792,833,null,974
core3,877,1018,883,879,966
core1,922,923,918,891,672.07
core2,867,818,776,799,880
core3,970,1042,965,1030,800
core1,911,879,2833,974,792
core2,,918,847,2419,876
core3,1035,985,769,917,2530
core1,889,810,900,928,1031
core2,,,840,761,2019
core3,853,844,961,2076,961
core1,,1039,712,991,-126
core2,1025,656,996,835,898
core3,729,1005,1073,781,988
core1,1110,826.18,1040,900,1065
core2,869,973,873,,2379
core3,,966,error,1040,982
core1,953,789,822,988,905
core2,902,732,1004,-183,880
core3,993.35,873,823,978,984
core1,774,643,851,944,959
core2,1029,915,2900,740,864.6
core3,861,1103,,851,892
core1,830,911,1006.14,error,991
core2,970,835,938,970,765
core3,883,954,892,793.84,845
core1,653,1026,1037,863,974
core2,837,null,867,857,915
core3,876,3229,825,794,684
core1,760,1001,3263,1001,915
core2,,940,731,2834,840
core3,1052,3457,,1048,924
core1,1007,-122,2645,948,1076
core2,778,777,856,743,879
core3,1045,,935,812,933
core1,969,914,768,954,772
core2,827,915,801,968.62,821.26
core3,859,849,1052,808,940
core1,812,3120,838,,835
core2,769,872,1050,792,2225
core3,873.8,1017,999,3123,950
core1,998,943,848,,2258
core2,967,871,689,899,1061
core3,,806,861,911,743
core1,1099,923,1093,,1150
core2,988,821,1030,968,1041
core3,964,1021,2714,812,766
core1,944,2899,,943,1028
core2,2091,781,884,908,920
core3,961,971,882,900,954
core1,914.79,856,919,X,1009
core2,979,887.35,736,823,840
core3,955,765,950,1006,937
core1,716,926,1000.25,827,839
core2,799,1022,959,3487,error
core3,930,1046,915,991,888
core1,907,761,812.37,1146,843
core2,892,746,1106,1004,906
core3,1003,-181,747,966.56,907
core1,,963,,928,952
core2,-72,1013,879,-265,785
core3,1032,781,897,1045,923
core1,1023,,640,952,978
core2,,970,2641,829,949
core3,986,886,1019,917,863
core1,882,704,802,599,989
core2,827,1116,778,1056,936
core3,920,911,936,,936
core1,911,1049,2574,851,912
core2,879,876,X,2958,
core3,814,852,875,X,1066
core1,806,1012,,912,3498
core2,797,775,2392,822,967.94
core3,988,X,994,error,884
core1,1003,851,963,,888
core2,870,813,855,813.93,877
core3,938,919,3312,812,952.03
core1,956,1061,839.3,1099,889
core2,936,772.92,946,835,871
core3,,894,783,866,921
core1,null,985,1055,3275,772
core2,930,803,1023,,988.19
core3,1063,969,987,822,764
core1,786,,807,880,828
core2,996,X,840,859,912
core3,835,868,929.98,-233,1030
core1,976,848,1038,1009,759
core2,674,955,874,1050,878
core3,837,992,899,3337,901
core1,848,,852.85,1051,809
core2,1029,998,882,955,-46
core3,,897,993,2064,834
core1,,,,901,990
core2,969,1148,1076,1016,922
core3,3028,798,952,884,X
core1,834,775,852,841,1125
core2,804,1084,929,841.24,812
core3,802,897,2047,951,1043
core1,854,,766,error,1036
core2,943,,907,2627,725
core3,803.85,771.87,874,821,620
core1,921,1000,925,791,X
core2,820,708.86,879,988,790
core3,738,809,1071,837,944
core1,695,873,861,860,903
core2,912.64,867,840,855,995
core3,856,872,-43,854.98,840
core1,-188,790,851,707,852
core2,822,885,844,855,886
core3,926.25,931,992,848,785
core1,928,806,812,774,
core2,865,993,1042,947,983
core3,765,830,987,3493,860
core1,1007,811,821,880,3243
core2,781,982,937,860,852
core3,926,,N/A,738,1021
core1,935,949,3232,904,738.11
core2,1149,951.26,2986,904,1003
core3,893,1117,847,974,825
core1,893,829,2867,884,878
core2,error,921.48,884,923,979
core3,771,816,855.5,849,788
core1,3025,,883,1050,2181
core2,914,802,2678,904,837
core3,885,784,979,1089,1023
core1,1009,696,811,975,853
core2,954,900,1024,863,949
core3,,1035.74,943,930,895
core1,727,898,932,1066,805
core2,753.42,715,828,887,986
core3,901,1118,983,941,880
core1,933,2757,927,855,991
core2,null,907,,964,969
core3,828,922,842,-271,892
core1,905,2054,911,969,973
core2,859,911,721,950,865
core3,1024,869,874,989,850
core1,863,958,919,894.35,1101
core2,error,3332,967,838,922
core3,915,890,924,776,796
core1,931,822,767,859,865
core2,778,,921,856,error
core3,970,935,789,985,-114
core1,980,940,817,1095,608
core2,946,931,970,3076,2479
core3,853,970,,1099,887
core1,844,,847,845,790
core2,2061,782,863,896,876
core3,2028,783,2622,828,905
core1,940,928,3335,868,-140
core2,758,928,957,920,954
core3,874,3332,923,864,3030
core1,863,878,824,910,792
core2,685,3129,817,1049,2324
core3,953.11,854,2029,928,761
core1,885,,951,859,943
core2,955,853,840,937,
core3,1100,1044,906,2533,849
core1,985,910,764,833,921
core2,796,-256,916,866,1045
core3,922,978,916,985,998
core1,2804,868,806,,973
core2,854.82,919,966,825,957
core3,1007,801,904,864,881
core1,1033,1107,914,1103,
core2,-90,921,848,715,861.82
core3,778,816,1064,965,1162
core1,992,935,1115,910,883
core2,891,1004,839,633,3378
core3,757,948,933,894,907
core1,984,835,800,2403,874
core2,932,null,958,906,
core3,858,860,677,781,X
core1,2360,708,907,815,1045
core2,810,933,877,661,872
core3,859,893,864,821,905
core1,997,971,816,800,
core2,968,818,971,,957
core3,3030,1004,684,776,1066
core1,821,987,903,882,757
core2,778,2087,,782,927
core3,894,859,849,782,812
core1,2547,675,855,1017,1028
core2,1010,2882,966,2247,-183
core3,2514,846.78,950,,770
core1,874,840,1033,950,X
core2,956,815,755,832,762
core3,891,837,1019,912,912.1
core1,896,1025,2551,811,
core2,895,726,3291,893,906
core3,806,937,775,777,940
core1,878,932,958,1131,728
core2,744,986,1078,952,977
core3,959,,744.63,966,863
core1,N/A,1050,-92,791,862
core2,721,740,901,702.37,917
core3,959,1015,702,3165,873.79
core1,883,835,-99,766,1141
core2,980,2940,902,801,765
core3,719,787,936,866,892
core1,908,878.83,826,1059,913
core2,872,857,824,2689,3016
core3,1061,830,940,974,799
core1,998,1073,1000,762,1006
core2,1111,859,747,987,713
core3,1083,error,879,981,
core1,892.23,853,938,818,783
core2,778,1074,856,801,870
core3,945.25,1062,948,861,892
core1,803,694,862,790,
core2,973,947,795,965,795
core3,898,2669,3405,838,911
core1,1010,2714,3275,929,null
core2,810,null,857,786,
core3,935,857,,927,953
core1,1064,,839,902,848
core2,992,874,917,879,854
core3,838,3380,971,,882
core1,896.44,918,1012,900,1029
core2,861,error,1020,969,1090.35
core3,852,N/A,928,896,756
core1,994,818,1025,,814
core2,,-58,775,1005,812
core3,789,702,743,1081,808
core1,-93,null,831,865,854
core2,918,,787,945,955
core3,851,744,675,886,778
core1,972,872,1072,905,773
core2,,895,1123.75,2786,779
core3,1036,824,902,927,944
core1,950,,3008,1062,878
core2,966.01,800,945,910,864
core3,788,874,939,,3103
core1,758,1003,896,-193,877
core2,926,1064,883,940,942
core3,784,759,1025.23,968,1037.56
core1,762,971,1084.66,1030,856
core2,2232,841,-125,733,877
core3,2485,829,857,null,1124
core1,897,938,2248,null,-225
core2,996,890,error,784,1004
core3,880,2593,,3316,1012
core1,1133,932,916,985,663
core2,,884,N/A,,2172
core3,1082,985,935,793,911
core1,978,929,998,2894,901
core2,842,838,953,-62,734
core3,,1007,1072,829,1014
core1,3029,833,863,999,845
core2,949,842,840,1002,2779
core3,971,992,1021,2339,1082
core1,874,812,1098,980,860.24
core2,889,3194,1018,987,971
core3,868,936.31,778,,909.06
core1,1111,789,891,835,833
core2,1049,923,1031,-144,941
core3,1072.53,753,929,847,946
core1,839,675,803,841,1059
core2,error,1033,832,772,
core3,898,985,947,941.05,804
core1,954,648,716,974,
core2,877,777,871,934,-32
core3,912,760,745,2305,804
core1,880,949,751,818,
core2,852,778,3133,809,984
core3,798,928,922,734,836
core1,1122,815,919,915,928
core2,1025,,915,955,-82
core3,,847,832,970,910.05
core1,-97,802,1021,814,948
core2,753,905,,777,797
core3,803,807,827,951,777
core1,867,873,910.33,755,890
core2,738,883,840,933,
core3,717,-205,963,766,909
core1,980,847,925,2625,893
core2,897,821,981,1020,911
core3,804,733,1065,1062,862
core1,917,-288,2760,1038,
core2,1005,972.22,885,982,851
core3,929,770,,922,954
core1,,856,998,1165,1059
core2,1085,973,1090,685,970
core3,736,1132,744,981,803
core1,889,832,936,863,893
core2,,925,983,862,773
core3,1129,884,811,null,987
core1,880,891,1026,1086,914
core2,861,944,788,3155,960
core3,832,1002,,698.04,690
core1,973,925,918,789.25,
core2,1099,877,-275,944,934
core3,872,2684,854,788.46,3085
core1,789,775,828,666,947.75
core2,,905,1007,856,1005
core3,,859,854.45,975,1169
core1,852,824,743,870,897
core2,872,910,918,-208,856
core3,931,838,877,768,857
core1,852,840,823,833,935
core2,831,834,662,897,999
core3,888,1000,882,970,846.96
core1,914,896,993,2779,886
core2,862,881,2961,,837
core3,973,1023,982,1007,1068
core1,-138,815,852,960,3003
core2,902,875,3487,821,744
core3,2784,1076,961.74,,808.42
core1,3429,899,2595,712,886
core2,986,812,815,917,926
core3,856,865,1054.23,-214,error
core1,922,3453,-166,962,1014
core2,1054,2860,967,722,1002
core3,833,733,934,983,879
core1,900,759,933,901,855
core2,948,951.12,947,696,-153
core3,,803,934,835,941
core1,1037,879,967,,1010
core2,3066,905,null,689,859
core3,929,1005,807,-74,1002
core1,823,785,,740,
core2,929,959,,843,845
core3,896,832,886,901,2439
core1,958,1032,851,840,1060
core2,779,950,819,962,862
core3,757,733,1087,922,1034
core1,1022,783,980,2896,1025
core2,908,790,924.53,855,969
core3,919,1046,917,883,984
core1,1048,760,960,987,847
core2,868,803,X,843,
core3,677,856,1079,818,1084
core1,868,678,817,1047,813
core2,819,818,1010,875.71,1003
core3,,1105,1080,729,3309
core1,729,863,-288,939,729
core2,969,923,1037,,902
core3,2096,953,-285,848,851
core1,791,1002,845,923,747
core2,981.57,951,935.74,1086,938
core3,1034,919,977,917,959
core1,772,896,933,824,1025.03
core2,920,764,872,1095,899
core3,1006,915,1047,1044,N/A
core1,1092,934,979,1058,822
core2,2341,828.55,error,912,1000
core3,904,991,848,999.58,789
core1,651,888,951,1116.59,
core2,2339,758,949,907,923.28
core3,858,1076,,879,894
core1,2019,823,894,1080,926
core2,3145,2938,932,3399,787
core3,856,852,953,894,2332
core1,966,1017,794,1007,989
core2,855,819,827,876,900
core3,754,,875,779,768
core1,1023,925,2996,792,947
core2,889.87,957,888,914,921
core3,901,2622,1011,924,904
core1,1142,780,1055,2948,854
core2,976,749,701,809,975
core3,,1134,954,3111,901
core1,983,879,878,922,771
core2,861,937,827,908,902
core3,949,788,983,2005,986
core1,941,852,934,983,638
core2,892,1052,1002,1014,923
core3,819,890,1046,694.08,899
core1,1017,867,893,973.19,N/A
core2,749,813.81,792,982,966
core3,874,928,844,932,937
core1,904,918,1071.04,640,890
core2,807,971,841.69,892,862
core3,886,857.98,995,778,844
core1,932,1065,839,969,978
core2,-286,864,1005,1008,861
core3,1004,915,961,2215,780
core1,2399,,1037,750,922
core2,941,854,897,949,964
core3,1013,901,928,865,869
core1,958,893,1005,1076,811
core2,800,1057,987,1046,1037
core3,887,940,942,913,989.28
core1,808,838,3244,955,1052
core2,945,882,882,859,913
core3,854,-8,706,984,931
core1,943,903,925,913,2946
core2,844,1056.93,762,925,770
core3,662,1004,848,818,778
core1,867,,2080,959,982
core2,947,,887,929,928
core3,959.99,989,950,905,956
core1,762,944,905,,823
core2,934,754,879,,986
core3,725,,878,3369,853
core1,2086,815,785,929,848
core2,898.14,953,749,731,912
core3,999,809,814,864,1003
core1,908,967,874,924,776
core2,800,759,892,null,797
core3,651,946,838,939,805
core1,687,-147,983,3472,701
core2,777,786,992,867,795
core3,715,777,845,1022,902
core1,1019,897,930,984,767
core2,918,999,1044,867,3200
core3,800,1028,-229,799,879
core1,840,873,888,940,1002
core2,2649,876,758,823,2385
core3,1002,863,901,948,835
core1,894,,973,938,783
core2,829,896,878,896,868
core3,934,3483,910,1026,968
core1,2700,956,1019,895.42,819
core2,811,933,1045,1063,825
core3,1048,750,826,817,904
core1,836,921,954,975,953
core2,3372,840,1044,832,807
core3,951,null,799,1013,982
core1,839,770,873,807.59,786
core2,-39,2287,908,809,1026
core3,3358,960,933,691,800
core1,1060,931,749,1115,851
core2,3073,748.98,968,747,836
core3,701,722,2088,793,931
core1,948,1082,2964,845,868
core2,822,944,908,2573,1009
core3,876,3489,989,919,847
core1,905,908,862,2652,869
core2,986,-109,803,898,808.14
core3,810,914,962,784,891
core1,905.08,877,830,992,805
core2,1011,N/A,876,755,1050
core3,1000,976,918,847,913
core1,777,892,1101,790,1019
core2,944,930,2713,891,3363
core3,842,839,964,898,960
core1,840,760,825,812,880
core2,832,956,915,1055,834
core3,714,847,1012,828,null
core1,1087,2904,1021,1057,851
core2,1023,867,937,930,772
core3,934,862,831,705,732
core1,926,838,826,987,904
core2,1048,879,3429,876,873
core3,1038,879,914,2230,998
core1,871,817,1053,,756
core2,751,958,3397,1024,error
core3,852,627,866,1004,932
core1,932,877,785,1147,948
core2,901,970,891,993,
core3,,897,904,2761,878
core1,1107,1083,803,1019,860
core2,818,1054,,2388,794
core3,842,2757,843,786,2084
core1,961,1070,1028,1018,857
core2,1056,830,876,881,780
core3,778,1091,1002,876,3121
core1,850,3432,978,830,859
core2,1006,973,1013,850,893
core3,929,900,848,X,849
core1,823,768,947,1015,743
core2,986,2888,889,918,875
core3,867,901,2001,1051,904
core1,831,817,951,918,975
core2,1025,967,N/A,939,893
core3,923,851,1002,1032,1011
core1,1036,864,836,996,791
core2,1050,942,860,986,771
core3,946,956,913,1012,994
core1,1061,832,862,958,828
core2,915,3170,1129,-15,906
core3,812,2559,851,938,745
core1,970,689,,868,946
core2,885,-77,2908,872,924
core3,-286,878,773,933,761
core1,896,918,2271,2014,885
core2,728,795,931,900,960
core3,1126,2886,2951,902,949
core1,859,1183,888,,2041
core2,661,959,809,905,
core3,863,821.88,835,1045,814
core1,929,933,878,922,847
core2,971,967,1128,820,674
core3,923.93,1060,871,1037,892
core1,1133,976,887,893,815.2
core2,914.18,713,977,,792
core3,973,error,1056,1038,739
core1,3345,734,1052,779,
core2,2415,916,911,1075,817
core3,938,882,915.2,926,852
core1,924,1038,957,833,808.46
core2,913,773,1008,920,871
core3,784,968,3037,1012,886
core1,2657,972,1027,921,924
core2,974,833,825,1002,1077
core3,981,2252,897,959,987
core1,918,990,N/A,770,2652
core2,595,836,840,error,2390
core3,,,808,898,998
core1,3076,959,953.44,-109,-10
core2,917,941,error,1127,error
core3,992,809,854,2181,972
core1,921.04,1020,,888,-201
core2,760.61,null,980.96,1010,715
core3,999,722,,832,
core1,926,1165,949,,745
core2,,783,,1013,899
core3,885,748,856,920,949
core1,873,834.0,925,895,927
core2,961,,2616,884,920
core3,822,869.95,1044,951,950
core1,,1008,763,867,979
core2,809,949.89,960,815,792
core3,902,770,1069,864,-286
core1,845,995,956,3450,813
core2,945,778,772,978,865
core3,935,884,989,833,813
core1,698.2,887,941,882,776
core2,746,840,810,2978,1035
core3,765,844,-158,960,845
core1,2916,800.04,986,906,830
core2,760,2181,674,848,980
core3,832,817.44,852,1048,926
core1,889,883,890,1067,1019
core2,1002,856,952,767,X
core3,735,969,870,918,865
core1,915,,905,,935
core2,857,915,905,,
core3,992,1009,878,940,851
core1,null,871,721,703,-297
core2,3011,883,906,966,1034.22
core3,804,908,847,774,1038
core1,663,926,816,830,982
core2,851,N/A,1050,964,843
core3,795,1049,920,885,719
core1,2324,1009.73,1087,,1068
core2,,788.22,1002,,666.9
core3,869,974,1021,864,932
core1,997,,685,897,994
core2,,760,862,943,988
core3,898,775,,945,1022
core1,1020.83,773,949,986,721
core2,799,897,849,962,1095
core3,N/A,884,900,-254,916
core1,979,898,3196,849,888
core2,1073,994,-239,976,3177
core3,865,883,1012,,761
core1,863,852,753,854,942
core2,698,826.48,992,1001.18,843
core3,908.42,939,,917,1003
core1,913,846,909,849.3,801.36
core2,766,786.01,960,799,740
core3,-205,819,1019,,2991
core1,941,743,X,973,1005
core2,815,753,886,801,X
core3,,881,,,910
core1,1034,880,2187,835,1007
core2,1028,976,815,873,875
core3,902,N/A,941,975,605
core1,1039,841,765,-104,1024
core2,790,801,883,763,1205
core3,891,1001,854,969,590
core1,1044,3021,982,,993
core2,915,,952,1005,845
core3,862,761,824,937,2321
core1,999,887,902,953,2949
core2,800,752,960,827,832
core3,906,1002,950,709,2495
core1,822,849,868,1025,2351
core2,743,829,995,800,858
core3,954,976,2385,761,807
core1,2240,913,677,931.47,875
core2,890,804,2128,860,1062
core3,,890,985.09,893,859
core1,899,855,X,888,826
core2,826,953,761,685,2754
core3,834,957,780,840,820
core1,1059,939,926.51,1024,893
core2,834,777,887,817,922
core3,3445,689,1005,877,773
core1,,-75,1001,1062,957
core2,916,1107,1001,1086,887
core3,846,910,812,1205,1129
core1,905,976,3369,1049,782.19
core2,839,-85,979,898.74,837
core3,839,763,996,1003,760
core1,2378,975,859,846,964
core2,1039,927,1042,991,746
core3,800,1027,918,942,804.02
core1,3085,782.34,1108,1000,957
core2,902,873,969,829,822.69
core3,1033,918,846,831,956
core1,848,865,937,3280,1035
core2,875,811,878,2929,934
core3,916,,931.96,809,
core1,867,,824,822,930
core2,952,985,978,890,989
core3,834,832,841,899,823
core1,1068,892,935,969,
core2,775,895,838,1077,-201
core3,967,877,1029,1024,863
core1,847,902,989,1050,-276
core2,900,1066,777.09,1027,872
core3,835,899,733,error,
core1,836,849,687,790,1035
core2,522,918,948,909,798
core3,906,,878,794,1019
core1,1050,685.09,1031,1064,816
core2,840,786,1030,725,871
core3,941,890,916,922,N/A
core1,819,935,1015.97,,854
core2,-32,1080,974,956,711
core3,951,795,725,861.04,952.69
core1,953,3075,,898,
core2,836,795,875,2205,971
core3,900,750,776,701,-1
core1,854,983,754,2493,917
core2,1001,1025,795,852,912
core3,834,1032,,960,894
core1,2323,797,757,866,1088
core2,N/A,824,886,849,1024
core3,978,843,1004,858,2392
core1,-66,1049,785,3339,996
core2,2896,938,808,826,816
core3,775,1059,1017,892,740
core1,1114.44,1058,1022,820,919
core2,977,926,935,null,1026
core3,X,2231,,,2950
core1,,966,1089,1027,3271
core2,null,854,630.62,1082.48,895
core3,924,719,820,966,811
core1,834,971,,848.79,1023
core2,787,912,949,874,868
core3,,884,932,1047,968
core1,1075,985,805.09,1002,1026
core2,939,857,895,833,818
core3,836,979,983,724,652
core1,921.29,,870,720,901
core2,-211,2066,930,857,1024
core3,831,2713,821,1020,3126
core1,672.08,985,1070,1052,825
core2,926,996,891,,950
core3,767,921.01,775,937,2893
core1,792,974,757,1009,2426
core2,990,765,1063,3003,1015
core3,862,1052,1030,906,831
core1,955,677,906,680,1006
core2,1025,923,580,,2636
core3,952,1075.18,2962,915,
core1,902,1004,912,3189,840
core2,739,N/A,1021,988,1036
core3,836,882,1149,920,819
core1,2055,1054,978,3347,1083
core2,1036,891,error,892,752
core3,935,861.79,884,876,1048.48
core1,1018,852,800,953,937
core2,892,907,2333,857,1011
core3,896,749,-13,,1003
core1,850,801.19,739,915,958
core2,998,670,1061,700.45,-56
core3,959,991,2103,952.32,910
core1,743,873.19,847,811,941
core2,1024,896,1026,971,826
core3,909,934,937,940,871
core1,-231,2070,1015,965,860
core2,880,648,-60,,827
core3,965.1,1006,3274,2375,2582
core1,2556,748,923,896,
core2,1001,848,859,853,970
core3,1094,909,782,1048,993
core1,1072.09,862,930,918,797
core2,982,940,824,839,889
core3,891,1012,915,934,844
core1,697,926,1025,821,870
core2,931,707,1037,2137,2201
core3,821,974,862,899,873
core1,1131,941,746,822,2022
core2,1057,810,3407,898,817
core3,1005,928,816,931,776
core1,995,954,911,801,948
core2,908,773,814,825,873
core3,837,906,1077,834,
core1,1049,761.1,884,931,993
core2,949,952,1066,775,3484
core3,852,865,1009,871,
core1,817,879,937,807,2327
core2,646,807,949,747,839.08
core3,745,945,1008,2148,1040
core1,870,893,3181,865.33,812
core2,832,772,931,,902
core3,962,,887,1010,2249
core1,1037,905,N/A,940,896
core2,1094,X,1075,788,986
core3,803,1022,859,,
core1,868,919,1107,864,1093
core2,1018,928,817,755,910
core3,904,966,890,775,925
core1,747,911,1051,952,857
core2,979,3036,989,,782
core3,856,923,762,1025,858
core1,847,1100,920,902,918
core2,815,913,883,907,849
core3,793,,982,,842
core1,804,881,920,794,2029
core2,931,1096,873,956,740
core3,2132,N/A,1023,911,993
core1,873,945,-299,1019,926
core2,973,,1004,787,923
core3,870,989,1037.02,811,855
core1,782,-189,1052,,931
core2,707,843,977,672,1114
core3,929,998,882,867,966
core1,973,,1006,996,951
core2,932,1003.63,750,857,996
core3,862,842,904,912,2256
core1,error,1044,981,1113,883
core2,821,1013,1054,1052,
core3,859,733,970,932,2993
core1,797,834,868,775,849
core2,902,798,1012.14,934,1028.51
core3,912,3017,2675,836,2938
core1,896,810,896,,821
core2,918,887,,892,772
core3,984,1040,,833,968
core1,855,867,913,832,924
core2,1007,951.98,834,871,3277
core3,1086,910,914,,840
core1,842,917,974,921,927
core2,874,1111,983,966,791
core3,934,803,X,763,995
core1,3127,926,917,X,913
core2,960,895,1034,1029,1001
core3,806,1055.21,801,852,944
core1,984,811,2785,965,866
core2,2313,937,868,1065,898
core3,807,995,998,921,922
core1,891,625,870,831,N/A
core2,712,2771,719,951,1054
core3,1028,-257,2336,1024,1059
core1,1024,896,1033,1099,992
core2,916,938,1103,710,702
core3,977,913,921,928,3130
core1,780.7,673,753,840.4,893
core2,867,840,1118,854,842
core3,948,842,875,956,992
core1,1100,861,958,2063,
core2,960,822,950,939,943
core3,854,914,839,,N/A
core1,960,876,1113,,881
core2,1006,842,889,781,883
core3,968,865,975,675,820
core1,1096,789,2879,886,864
core2,752,929.54,919,890,799
core3,945,1085,935,937,899
core1,,1112,2500,1030.73,
core2,874,1050,806,936,905
core3,867,899,723,868,1228
core1,999,1028,1048,973,3211
core2,892,3472,2218,999,856
core3,875,902,N/A,1013,923
core1,968,2557,977,764,809
core2,796,1047,950,915,799
core3,952,-239,884,3293,1028
core1,795,890,858,870,688
core2,955,980,863,2752,944
core3,1000,871,893,1058,871
core1,1034,915,918,2332,2823
core2,716,-196,,845,954
core3,1072,-162,953,1011,871
core1,920,888,1008,766,705
core2,961,963,656,807,895
core3,757,944,1010,1022,906
core1,926,960,3467,2827,1011
core2,920,817,753,879,909
core3,941,799,778,976,905
core1,807,762,915,3117,887
core2,,827,2810,1180,960
core3,997,881,1078,854,1059
core1,808,875,X,934,814
core2,903,947,922,786,811
core3,981,2039,N/A,1012,1043
core1,-172,912,2578,870,775
core2,881,899,1019,948.38,778
core3,,934,722,2585,850
core1,950,1042,1045,872,907
core2,865,932,843,960,897
core3,811,900,843,2478,713
core1,,782,814,1025,845
core2,858,971,908,1003,1052
core3,872,822,972,893,2717
core1,961,1031,1021,1149,817
core2,930,2760,898,952,669
core3,1038,817,690,2985,826
core1,862,871,830,992,707
core2,829,852,873,877,864
core3,2413,949,851.86,834,768
core1,873,854,854,1086,923
core2,896,762,911,912,787
core3,2688,829,N/A,1000,807
core1,845,1007,1089,809,X
core2,902,905,953,956,976
core3,711,1045,,879,
core1,1016,791,N/A,883,787
core2,1002,775,1002,796,889
core3,937,1014,957,765,1042
core1,2673,813,1040,974,860
core2,940,-16,850,830,845
core3,912,935,799,990,824
core1,826,768,,944,1086
core2,-231,856,788,,785
core3,916,928,1095,899,1100
core1,,1099,763,,821
core2,909,858.54,747,-145,999
core3,923,861,774,2703,912.9
core1,861,1030,798,1039,869
core2,null,,855,880.32,846
core3,777,,876,819,2687
core1,2563,812,905,950,627
core2,984.67,1169,1041,3266,833
core3,988,826,958,936,891
core1,924,681,947,2763,847
core2,963,871,994,847,828
core3,875,null,,-168,2902
core1,806,981,907,2406,3087
core2,987,986,907,1074,887
core3,897,886,792,998,905
core1,846,,1076,908,834
core2,889,1035,708,913,932
core3,874,785,1026,815,817
core1,872,854,931,831,1040
core2,873.06,890,null,1029,804
core3,3109,911,909,718,872
core1,781,,957,825,X
core2,754,933,983,889,856
core3,914,946,N/A,785,781
core1,938,782,952,748,948
core2,909,1017,882.43,,838
core3,779,793,error,827,958
core1,872,952,971,869,808
core2,929,863,1076,868,948
core3,895,,843,872,849
core1,947,707,914,-277,836
core2,1052,1032,1076,2329,
core3,675,914,2028,926,N/A
core1,1076,940,1011,1006,938
core2,977.07,1002,3433,751,856
core3,801,958,872,-208,856
core1,784,935,755,926,943
core2,975,806,839,1046,846
core3,922,2001,949,810,992
core1,773,949,890,1092,
core2,-292,1004,927,870,941
core3,904.04,,-282,928,796
core1,,,1049,851,1035
core2,890,1046,869,1070,958
core3,1024,809,994,995,953
core1,964,1149,879,792,897
core2,827,-258,1032,954,923
core3,846,1045,814,,745
core1,951,932,-216,890,820
core2,929,2651,970,931,904
core3,741,994,695,956,956
core1,823,860,793,1020,881.02
core2,961,1052,985,845,995
core3,737,903,971,930,850
core1,,-227,837,923,797
core2,877,888,,903,922
core3,991,858,927,-264,
core1,946,892,2083,805,766
core2,833,693,878,1002,1005
core3,800,,1002,996,896
core1,829,898,852,897,822
core2,780,920,1101,971,726
core3,2472,873,912,913,1067
core1,1044,2985,891,2061,990
core2,923,2495,947,918,574
core3,818.03,947,883,2845,1147
core1,811,892,892,899,968
core2,811,977,812,2498,3043
core3,881,-116,760,954,-56
core1,914,867,919,998,855
core2,862,891,889,837,1012
core3,791,822,943,942,2297
core1,817,705,3411,889,866
core2,853,740,947,1030,
core3,1077,881,913,827,1019
core1,927,2363,2646,925.37,770
core2,806.57,905,997,980,1033
core3,712,1020,967,null,893
core1,965,2597,1047,793,935
core2,760,-31,780,963,775
core3,889,794,2684,735,777.5
core1,882,1005,875,781,811
core2,847,834,1031,822,795
core3,805,891,772,902,728
core1,915,813,750,1021,815
core2,975,908,810,705,916
core3,1178,867.19,859,773,829
core1,774,975,883,892,3239
core2,878,778,1018,996,
core3,2772,968,901,958,738
core1,997,974,2047,781,944
core2,,898,984,946,921
core3,948,887,934,831,2353
core1,1024,739,847,852,
core2,1008,962,2845,950,798
core3,842,878,1098,850,806
core1,3445,911,977,937,847
core2,1055,758,914,919,808
core3,1015,861,841,,2652
core1,917,1002,1015,899,2341
core2,827,938,844,1060,978
core3,889.55,993,1145,811,774
core1,953,-290,895,3076,
core2,785,893,930,3215,3002
core3,788,error,907,,X
core1,1057,937,1005,969,1009
core2,935,,781,770,935
core3,920,988,817,930,950
core1,951,1170,882,909,-195
core2,895,868,962,773,863
core3,822,861,693,null,3115
core1,912.52,858,842,3262,952
core2,2998,825,835,893,3017
core3,,923,870.05,735,874
core1,872,902,849,812,911
core2,2256,1030,1099.94,826.71,866
core3,844,706,,649,738
